"id_vehiculo";"precio";"pasajeros";"tiempo";"imagen";"video";"mapa";"descripcion";"clase";"nombre"
1;432.98;7;21;"https://m.media-amazon.com/images/I/71DhbLqNt+L._UY560_.jpg";"https://www.youtube.com/embed/aKTKfHm2h0Q";"https://www.google.com/maps/embed?pb=!1m18!1m12!1m3!1d502970.20056732505!2d-84.45867156718745!3d9.979248000000007!2m3!1f0!2f0!3f0!3m2!1i1024!2i768!4f13.1!3m3!1m2!1s0x0%3A0x35ef3082029f089b!2sAutomotores%20Okala!5e0!3m2!1ses-419!2scr!4v1624892203835!5m2!1ses-419!2scr";"Interiores y exteriores del vehículo limpiados con desinfectante antes de la entrega.Asegura hoy este increíble precio y cancela gratis cuando lo necesites. Reserva hoy y paga al recoger el vehículo. Información del combustible: entrega y devolución con el tanque lleno";"M";"Chevrolet"
2;240.19;3;23;"https://m.media-amazon.com/images/I/41nUi377diL.jpg";"https://www.youtube.com/embed/tBXH5y3YNOo";"https://www.google.com/maps/embed?pb=!1m18!1m12!1m3!1d502970.20056732505!2d-84.45867156718745!3d9.979248000000007!2m3!1f0!2f0!3f0!3m2!1i1024!2i768!4f13.1!3m3!1m2!1s0x0%3A0x35ef3082029f089b!2sAutomotores%20Okala!5e0!3m2!1ses-419!2scr!4v1624892203835!5m2!1ses-419!2scr";"Interiores y exteriores del vehículo limpiados con desinfectante antes de la entrega.Asegura hoy este increíble precio y cancela gratis cuando lo necesites. Reserva hoy y paga al recoger el vehículo. Información del combustible: entrega y devolución con el tanque lleno";"L";"Oldsmobile"
3;526.19;14;11;"http://st.motortrendenespanol.com/uploads/sites/45/2017/04/2018-Volvo-XC60-T6-Inscription-front-three-quarter-04-20.jpg";"https://www.youtube.com/embed/m_MhutjSAuE";"https://www.google.com/maps/embed?pb=!1m18!1m12!1m3!1d502970.20056732505!2d-84.45867156718745!3d9.979248000000007!2m3!1f0!2f0!3f0!3m2!1i1024!2i768!4f13.1!3m3!1m2!1s0x0%3A0x35ef3082029f089b!2sAutomotores%20Okala!5e0!3m2!1ses-419!2scr!4v1624892203835!5m2!1ses-419!2scr";"Interiores y exteriores del vehículo limpiados con desinfectante antes de la entrega.Asegura hoy este increíble precio y cancela gratis cuando lo necesites. Reserva hoy y paga al recoger el vehículo. Información del combustible: entrega y devolución con el tanque lleno";"M";"Volvo"
4;341.65;15;26;"https://m.media-amazon.com/images/I/71kscZ1Vb3L._UY560_.jpg
";"https://www.youtube.com/embed/8BZRIAFb3_o";"https://www.google.com/maps/embed?pb=!1m18!1m12!1m3!1d502970.20056732505!2d-84.45867156718745!3d9.979248000000007!2m3!1f0!2f0!3f0!3m2!1i1024!2i768!4f13.1!3m3!1m2!1s0x0%3A0x35ef3082029f089b!2sAutomotores%20Okala!5e0!3m2!1ses-419!2scr!4v1624892203835!5m2!1ses-419!2scr";"Interiores y exteriores del vehículo limpiados con desinfectante antes de la entrega.Asegura hoy este increíble precio y cancela gratis cuando lo necesites. Reserva hoy y paga al recoger el vehículo. Información del combustible: entrega y devolución con el tanque lleno";"S";"Acura"
5;508.74;11;6;"https://m.media-amazon.com/images/I/71sAf1f6gzL._UY560_.jpg
";"https://www.youtube.com/embed/3jistCLs_cE";"https://www.google.com/maps/embed?pb=!1m18!1m12!1m3!1d502970.20056732505!2d-84.45867156718745!3d9.979248000000007!2m3!1f0!2f0!3f0!3m2!1i1024!2i768!4f13.1!3m3!1m2!1s0x0%3A0x35ef3082029f089b!2sAutomotores%20Okala!5e0!3m2!1ses-419!2scr!4v1624892203835!5m2!1ses-419!2scr";"Interiores y exteriores del vehículo limpiados con desinfectante antes de la entrega.Asegura hoy este increíble precio y cancela gratis cuando lo necesites. Reserva hoy y paga al recoger el vehículo. Información del combustible: entrega y devolución con el tanque lleno";"M";"Volkswagen"
6;845.47;11;11;"https://cdn.autobild.es/sites/navi.axelspringer.es/public/media/image/2016/08/565517-chrysler-pt-cruiser.jpg";"https://www.youtube.com/embed/lvoeXo_tF08";"https://www.google.com/maps/embed?pb=!1m18!1m12!1m3!1d502970.20056732505!2d-84.45867156718745!3d9.979248000000007!2m3!1f0!2f0!3f0!3m2!1i1024!2i768!4f13.1!3m3!1m2!1s0x0%3A0x35ef3082029f089b!2sAutomotores%20Okala!5e0!3m2!1ses-419!2scr!4v1624892203835!5m2!1ses-419!2scr";"Interiores y exteriores del vehículo limpiados con desinfectante antes de la entrega.Asegura hoy este increíble precio y cancela gratis cuando lo necesites. Reserva hoy y paga al recoger el vehículo. Información del combustible: entrega y devolución con el tanque lleno";"M";"Chrysler"
7;180.75;5;17;"https://m.media-amazon.com/images/I/61CpMCcEyiL._UY560_.jpg";"https://www.youtube.com/embed/z7rlzFUymfc";"https://www.google.com/maps/embed?pb=!1m18!1m12!1m3!1d502970.20056732505!2d-84.45867156718745!3d9.979248000000007!2m3!1f0!2f0!3f0!3m2!1i1024!2i768!4f13.1!3m3!1m2!1s0x0%3A0x35ef3082029f089b!2sAutomotores%20Okala!5e0!3m2!1ses-419!2scr!4v1624892203835!5m2!1ses-419!2scr";"Interiores y exteriores del vehículo limpiados con desinfectante antes de la entrega.Asegura hoy este increíble precio y cancela gratis cuando lo necesites. Reserva hoy y paga al recoger el vehículo. Información del combustible: entrega y devolución con el tanque lleno";"L";"Maserati"
8;251.79;5;2;"https://m.media-amazon.com/images/I/71DhbLqNt+L._UY560_.jpg";"https://www.youtube.com/embed/aKTKfHm2h0Q";"https://www.google.com/maps/embed?pb=!1m18!1m12!1m3!1d502970.20056732505!2d-84.45867156718745!3d9.979248000000007!2m3!1f0!2f0!3f0!3m2!1i1024!2i768!4f13.1!3m3!1m2!1s0x0%3A0x35ef3082029f089b!2sAutomotores%20Okala!5e0!3m2!1ses-419!2scr!4v1624892203835!5m2!1ses-419!2scr";"Interiores y exteriores del vehículo limpiados con desinfectante antes de la entrega.Asegura hoy este increíble precio y cancela gratis cuando lo necesites. Reserva hoy y paga al recoger el vehículo. Información del combustible: entrega y devolución con el tanque lleno";"S";"Chevrolet"
9;101.92;15;24;"https://m.media-amazon.com/images/I/31Agy+IevxL.jpg";"https://www.youtube.com/embed/-x4nnuME6Qc";"https://www.google.com/maps/embed?pb=!1m18!1m12!1m3!1d502970.20056732505!2d-84.45867156718745!3d9.979248000000007!2m3!1f0!2f0!3f0!3m2!1i1024!2i768!4f13.1!3m3!1m2!1s0x0%3A0x35ef3082029f089b!2sAutomotores%20Okala!5e0!3m2!1ses-419!2scr!4v1624892203835!5m2!1ses-419!2scr";"Interiores y exteriores del vehículo limpiados con desinfectante antes de la entrega.Asegura hoy este increíble precio y cancela gratis cuando lo necesites. Reserva hoy y paga al recoger el vehículo. Información del combustible: entrega y devolución con el tanque lleno";"M";"Plymouth"
10;435.03;15;1;"https://m.media-amazon.com/images/I/31Z+vyXUxWL.jpg";"https://www.youtube.com/embed/zTEK6IRY5dk";"https://www.google.com/maps/embed?pb=!1m18!1m12!1m3!1d502970.20056732505!2d-84.45867156718745!3d9.979248000000007!2m3!1f0!2f0!3f0!3m2!1i1024!2i768!4f13.1!3m3!1m2!1s0x0%3A0x35ef3082029f089b!2sAutomotores%20Okala!5e0!3m2!1ses-419!2scr!4v1624892203835!5m2!1ses-419!2scr";"Interiores y exteriores del vehículo limpiados con desinfectante antes de la entrega.Asegura hoy este increíble precio y cancela gratis cuando lo necesites. Reserva hoy y paga al recoger el vehículo. Información del combustible: entrega y devolución con el tanque lleno";"L";"Lamborghini"
11;846.91;3;23;"https://m.media-amazon.com/images/I/61n3iL9S8nL._UY560_.jpg";"https://www.youtube.com/embed/RHbbxzfgKBQ";"https://www.google.com/maps/embed?pb=!1m18!1m12!1m3!1d502970.20056732505!2d-84.45867156718745!3d9.979248000000007!2m3!1f0!2f0!3f0!3m2!1i1024!2i768!4f13.1!3m3!1m2!1s0x0%3A0x35ef3082029f089b!2sAutomotores%20Okala!5e0!3m2!1ses-419!2scr!4v1624892203835!5m2!1ses-419!2scr";"*Aire acondicionado*Kilometraje ilimitado*Asegura hoy este increíble precio y cancela gratis cuando lo necesites. Reserva hoy y paga al recoger el vehículo";"M";"Porsche"
12;931.37;7;9;"https://m.media-amazon.com/images/I/61n3iL9S8nL._UY560_.jpg";"https://www.youtube.com/embed/RHbbxzfgKBQ";"https://www.google.com/maps/embed?pb=!1m18!1m12!1m3!1d502970.20056732505!2d-84.45867156718745!3d9.979248000000007!2m3!1f0!2f0!3f0!3m2!1i1024!2i768!4f13.1!3m3!1m2!1s0x0%3A0xbbc2daea8fb12ace!2sAutos%20El%20Triunfo!5e0!3m2!1ses-419!2scr!4v1624893284589!5m2!1ses-419!2scr";"*Aire acondicionado*Kilometraje ilimitado*Asegura hoy este increíble precio y cancela gratis cuando lo necesites. Reserva hoy y paga al recoger el vehículo";"L";"Porsche"
13;222.36;7;19;"https://m.media-amazon.com/images/I/61n3iL9S8nL._UY560_.jpg";"https://www.youtube.com/embed/RHbbxzfgKBQ";"https://www.google.com/maps/embed?pb=!1m18!1m12!1m3!1d502970.20056732505!2d-84.45867156718745!3d9.979248000000007!2m3!1f0!2f0!3f0!3m2!1i1024!2i768!4f13.1!3m3!1m2!1s0x0%3A0xbbc2daea8fb12ace!2sAutos%20El%20Triunfo!5e0!3m2!1ses-419!2scr!4v1624893284589!5m2!1ses-419!2scr";"*Aire acondicionado*Kilometraje ilimitado*Asegura hoy este increíble precio y cancela gratis cuando lo necesites. Reserva hoy y paga al recoger el vehículo";"S";"Nissan"
14;941.31;3;27;"https://m.media-amazon.com/images/I/71uBSo3ezfL._UY560_.jpg";"https://www.youtube.com/embed/aKTKfHm2h0Q";"https://www.google.com/maps/embed?pb=!1m18!1m12!1m3!1d502970.20056732505!2d-84.45867156718745!3d9.979248000000007!2m3!1f0!2f0!3f0!3m2!1i1024!2i768!4f13.1!3m3!1m2!1s0x0%3A0xbbc2daea8fb12ace!2sAutos%20El%20Triunfo!5e0!3m2!1ses-419!2scr!4v1624893284589!5m2!1ses-419!2scr";"*Aire acondicionado*Kilometraje ilimitado*Asegura hoy este increíble precio y cancela gratis cuando lo necesites. Reserva hoy y paga al recoger el vehículo";"S";"Toyota"
15;320.01;4;17;"https://m.media-amazon.com/images/I/71kscZ1Vb3L._UY560_.jpg
";"https://www.youtube.com/embed/8BZRIAFb3_o";"https://www.google.com/maps/embed?pb=!1m18!1m12!1m3!1d502970.20056732505!2d-84.45867156718745!3d9.979248000000007!2m3!1f0!2f0!3f0!3m2!1i1024!2i768!4f13.1!3m3!1m2!1s0x0%3A0xbbc2daea8fb12ace!2sAutos%20El%20Triunfo!5e0!3m2!1ses-419!2scr!4v1624893284589!5m2!1ses-419!2scr";"*Aire acondicionado*Kilometraje ilimitado*Asegura hoy este increíble precio y cancela gratis cuando lo necesites. Reserva hoy y paga al recoger el vehículo";"S";"Acura"
16;610.64;9;26;"https://m.media-amazon.com/images/I/611oiPKfgwL._UY560_.jpg";"https://www.youtube.com/embed/aKTKfHm2h0Q";"https://www.google.com/maps/embed?pb=!1m18!1m12!1m3!1d502970.20056732505!2d-84.45867156718745!3d9.979248000000007!2m3!1f0!2f0!3f0!3m2!1i1024!2i768!4f13.1!3m3!1m2!1s0x0%3A0xbbc2daea8fb12ace!2sAutos%20El%20Triunfo!5e0!3m2!1ses-419!2scr!4v1624893284589!5m2!1ses-419!2scr";"*Aire acondicionado*Kilometraje ilimitado*Asegura hoy este increíble precio y cancela gratis cuando lo necesites. Reserva hoy y paga al recoger el vehículo";"S";"Ford"
17;100.32;8;16;"https://m.media-amazon.com/images/I/71csANXWQSL._UY560_.jpg";"https://www.youtube.com/embed/yssiNZiV5_8";"https://www.google.com/maps/embed?pb=!1m18!1m12!1m3!1d502970.20056732505!2d-84.45867156718745!3d9.979248000000007!2m3!1f0!2f0!3f0!3m2!1i1024!2i768!4f13.1!3m3!1m2!1s0x0%3A0xbbc2daea8fb12ace!2sAutos%20El%20Triunfo!5e0!3m2!1ses-419!2scr!4v1624893284589!5m2!1ses-419!2scr";"*Aire acondicionado*Kilometraje ilimitado*Asegura hoy este increíble precio y cancela gratis cuando lo necesites. Reserva hoy y paga al recoger el vehículo";"L";"GMC"
18;126.57;16;26;"https://m.media-amazon.com/images/I/71tznTF3hlL._UY560_.jpg";"https://www.youtube.com/embed/TZuNSNY9TcI";"https://www.google.com/maps/embed?pb=!1m18!1m12!1m3!1d502970.20056732505!2d-84.45867156718745!3d9.979248000000007!2m3!1f0!2f0!3f0!3m2!1i1024!2i768!4f13.1!3m3!1m2!1s0x0%3A0xbbc2daea8fb12ace!2sAutos%20El%20Triunfo!5e0!3m2!1ses-419!2scr!4v1624893284589!5m2!1ses-419!2scr";"*Aire acondicionado*Kilometraje ilimitado*Asegura hoy este increíble precio y cancela gratis cuando lo necesites. Reserva hoy y paga al recoger el vehículo";"L";"BMW"
19;215.12;5;15;"https://m.media-amazon.com/images/I/71csANXWQSL._UY560_.jpg";"https://www.youtube.com/embed/yssiNZiV5_8";"https://www.google.com/maps/embed?pb=!1m18!1m12!1m3!1d502970.20056732505!2d-84.45867156718745!3d9.979248000000007!2m3!1f0!2f0!3f0!3m2!1i1024!2i768!4f13.1!3m3!1m2!1s0x0%3A0xbbc2daea8fb12ace!2sAutos%20El%20Triunfo!5e0!3m2!1ses-419!2scr!4v1624893284589!5m2!1ses-419!2scr";"*Aire acondicionado*Kilometraje ilimitado*Asegura hoy este increíble precio y cancela gratis cuando lo necesites. Reserva hoy y paga al recoger el vehículo";"S";"GMC"
20;884.63;5;10;"https://m.media-amazon.com/images/I/71L54QRjJoL._UY560_.jpg";"https://www.youtube.com/embed/95xUEujWbZc";"https://www.google.com/maps/embed?pb=!1m18!1m12!1m3!1d502970.20056732505!2d-84.45867156718745!3d9.979248000000007!2m3!1f0!2f0!3f0!3m2!1i1024!2i768!4f13.1!3m3!1m2!1s0x0%3A0xbbc2daea8fb12ace!2sAutos%20El%20Triunfo!5e0!3m2!1ses-419!2scr!4v1624893284589!5m2!1ses-419!2scr";"*Aire acondicionado*Kilometraje ilimitado*Asegura hoy este increíble precio y cancela gratis cuando lo necesites. Reserva hoy y paga al recoger el vehículo";"S";"Honda"
21;428.21;13;14;"https://m.media-amazon.com/images/I/61JIE0DlsBL._UY560_.jpg";"https://www.youtube.com/embed/JuvUQmLF8AU";"https://www.google.com/maps/embed?pb=!1m18!1m12!1m3!1d502970.20056732505!2d-84.45867156718745!3d9.979248000000007!2m3!1f0!2f0!3f0!3m2!1i1024!2i768!4f13.1!3m3!1m2!1s0x0%3A0xbbc2daea8fb12ace!2sAutos%20El%20Triunfo!5e0!3m2!1ses-419!2scr!4v1624893284589!5m2!1ses-419!2scr";"*Aire acondicionado*Kilometraje ilimitado*Asegura hoy este increíble precio y cancela gratis cuando lo necesites. Reserva hoy y paga al recoger el vehículo";"L";"Mercedes-Benz"
22;398.49;2;15;"https://m.media-amazon.com/images/I/611oiPKfgwL._UY560_.jpg";"https://www.youtube.com/embed/aKTKfHm2h0Q";"https://www.google.com/maps/embed?pb=!1m18!1m12!1m3!1d502970.20056732505!2d-84.45867156718745!3d9.979248000000007!2m3!1f0!2f0!3f0!3m2!1i1024!2i768!4f13.1!3m3!1m2!1s0x0%3A0xbbc2daea8fb12ace!2sAutos%20El%20Triunfo!5e0!3m2!1ses-419!2scr!4v1624893284589!5m2!1ses-419!2scr";"*Aire acondicionado*Kilometraje ilimitado*Asegura hoy este increíble precio y cancela gratis cuando lo necesites. Reserva hoy y paga al recoger el vehículo";"M";"Ford"
23;337.99;9;21;"https://m.media-amazon.com/images/I/B1RAEqNeIzS._UY560_.png";"https://www.youtube.com/embed/YYosvhjOAcw";"https://www.google.com/maps/embed?pb=!1m18!1m12!1m3!1d502970.20056732505!2d-84.45867156718745!3d9.979248000000007!2m3!1f0!2f0!3f0!3m2!1i1024!2i768!4f13.1!3m3!1m2!1s0x0%3A0xbbc2daea8fb12ace!2sAutos%20El%20Triunfo!5e0!3m2!1ses-419!2scr!4v1624893284589!5m2!1ses-419!2scr";"*Aire acondicionado*Kilometraje ilimitado*Asegura hoy este increíble precio y cancela gratis cuando lo necesites. Reserva hoy y paga al recoger el vehículo";"S";"Mercury"
24;365.73;7;21;"https://images-na.ssl-images-amazon.com/images/I/51FncKKuEvS._AC_SX679_.jpg";"https://www.youtube.com/embed/RHbbxzfgKBQ";"https://www.google.com/maps/embed?pb=!1m18!1m12!1m3!1d502970.20056732505!2d-84.45867156718745!3d9.979248000000007!2m3!1f0!2f0!3f0!3m2!1i1024!2i768!4f13.1!3m3!1m2!1s0x0%3A0xd31a71b9a3f456c9!2sVeinsa%20Motors!5e0!3m2!1ses-419!2scr!4v1624893346211!5m2!1ses-419!2scr";"*Aire acondicionado*Kilometraje ilimitado*Asegura hoy este increíble precio y cancela gratis cuando lo necesites. Reserva hoy y paga al recoger el vehículo";"S";"Dodge"
25;454.62;13;25;"https://images-na.ssl-images-amazon.com/images/I/51FncKKuEvS._AC_SX679_.jpg";"https://www.youtube.com/embed/RHbbxzfgKBQ";"https://www.google.com/maps/embed?pb=!1m18!1m12!1m3!1d502970.20056732505!2d-84.45867156718745!3d9.979248000000007!2m3!1f0!2f0!3f0!3m2!1i1024!2i768!4f13.1!3m3!1m2!1s0x0%3A0xd31a71b9a3f456c9!2sVeinsa%20Motors!5e0!3m2!1ses-419!2scr!4v1624893346211!5m2!1ses-419!2scr";"*Aire acondicionado*Kilometraje ilimitado*Asegura hoy este increíble precio y cancela gratis cuando lo necesites. Reserva hoy y paga al recoger el vehículo";"S";"Dodge"
26;170.45;16;17;"https://m.media-amazon.com/images/I/611oiPKfgwL._UY560_.jpg";"https://www.youtube.com/embed/aKTKfHm2h0Q";"https://www.google.com/maps/embed?pb=!1m18!1m12!1m3!1d502970.20056732505!2d-84.45867156718745!3d9.979248000000007!2m3!1f0!2f0!3f0!3m2!1i1024!2i768!4f13.1!3m3!1m2!1s0x0%3A0xd31a71b9a3f456c9!2sVeinsa%20Motors!5e0!3m2!1ses-419!2scr!4v1624893346211!5m2!1ses-419!2scr";"*Aire acondicionado*Kilometraje ilimitado*Asegura hoy este increíble precio y cancela gratis cuando lo necesites. Reserva hoy y paga al recoger el vehículo";"M";"Ford"
27;718.65;2;2;"https://m.media-amazon.com/images/I/71csANXWQSL._UY560_.jpg";"https://www.youtube.com/embed/yssiNZiV5_8";"https://www.google.com/maps/embed?pb=!1m18!1m12!1m3!1d502970.20056732505!2d-84.45867156718745!3d9.979248000000007!2m3!1f0!2f0!3f0!3m2!1i1024!2i768!4f13.1!3m3!1m2!1s0x0%3A0xd31a71b9a3f456c9!2sVeinsa%20Motors!5e0!3m2!1ses-419!2scr!4v1624893346211!5m2!1ses-419!2scr";"*Aire acondicionado*Kilometraje ilimitado*Asegura hoy este increíble precio y cancela gratis cuando lo necesites. Reserva hoy y paga al recoger el vehículo";"L";"GMC"
28;216.43;14;18;"https://m.media-amazon.com/images/I/61n3iL9S8nL._UY560_.jpg";"https://www.youtube.com/embed/RHbbxzfgKBQ";"https://www.google.com/maps/embed?pb=!1m18!1m12!1m3!1d502970.20056732505!2d-84.45867156718745!3d9.979248000000007!2m3!1f0!2f0!3f0!3m2!1i1024!2i768!4f13.1!3m3!1m2!1s0x0%3A0xd31a71b9a3f456c9!2sVeinsa%20Motors!5e0!3m2!1ses-419!2scr!4v1624893346211!5m2!1ses-419!2scr";"*Aire acondicionado*Kilometraje ilimitado*Asegura hoy este increíble precio y cancela gratis cuando lo necesites. Reserva hoy y paga al recoger el vehículo";"M";"Nissan"
29;629.24;8;19;"https://m.media-amazon.com/images/I/41nUi377diL.jpg";"https://www.youtube.com/embed/tBXH5y3YNOo";"https://www.google.com/maps/embed?pb=!1m18!1m12!1m3!1d502970.20056732505!2d-84.45867156718745!3d9.979248000000007!2m3!1f0!2f0!3f0!3m2!1i1024!2i768!4f13.1!3m3!1m2!1s0x0%3A0xd31a71b9a3f456c9!2sVeinsa%20Motors!5e0!3m2!1ses-419!2scr!4v1624893346211!5m2!1ses-419!2scr";"*Aire acondicionado*Kilometraje ilimitado*Asegura hoy este increíble precio y cancela gratis cuando lo necesites. Reserva hoy y paga al recoger el vehículo";"M";"Oldsmobile"
30;681.31;8;12;"https://m.media-amazon.com/images/I/61JIE0DlsBL._UY560_.jpg";"https://www.youtube.com/embed/JuvUQmLF8AU";"https://www.google.com/maps/embed?pb=!1m18!1m12!1m3!1d502970.20056732505!2d-84.45867156718745!3d9.979248000000007!2m3!1f0!2f0!3f0!3m2!1i1024!2i768!4f13.1!3m3!1m2!1s0x0%3A0xd31a71b9a3f456c9!2sVeinsa%20Motors!5e0!3m2!1ses-419!2scr!4v1624893346211!5m2!1ses-419!2scr";"*Aire acondicionado*Kilometraje ilimitado*Asegura hoy este increíble precio y cancela gratis cuando lo necesites. Reserva hoy y paga al recoger el vehículo";"M";"Mercedes-Benz"
31;826.64;9;10;"https://m.media-amazon.com/images/I/71csANXWQSL._UY560_.jpg";"https://www.youtube.com/embed/yssiNZiV5_8";"https://www.google.com/maps/embed?pb=!1m18!1m12!1m3!1d502970.20056732505!2d-84.45867156718745!3d9.979248000000007!2m3!1f0!2f0!3f0!3m2!1i1024!2i768!4f13.1!3m3!1m2!1s0x0%3A0xd31a71b9a3f456c9!2sVeinsa%20Motors!5e0!3m2!1ses-419!2scr!4v1624893346211!5m2!1ses-419!2scr";"Oferta especial:Paquete incluido - El precio incluye Kilometraje Ilimitado, Cobertura por Colisión sin Franquicia, Protección contra el robo, Seguro de Responsabilidad Civil a Terceros e Impuestos Locales.";"M";"GMC"
32;939.2;8;24;"https://images-na.ssl-images-amazon.com/images/I/51egb2%2BY68L._AC_SL1000_.jpg";"https://www.youtube.com/embed/VMEqIdEaFA4";"https://www.google.com/maps/embed?pb=!1m18!1m12!1m3!1d502970.20056732505!2d-84.45867156718745!3d9.979248000000007!2m3!1f0!2f0!3f0!3m2!1i1024!2i768!4f13.1!3m3!1m2!1s0x0%3A0xd31a71b9a3f456c9!2sVeinsa%20Motors!5e0!3m2!1ses-419!2scr!4v1624893346211!5m2!1ses-419!2scr";"Oferta especial:Paquete incluido - El precio incluye Kilometraje Ilimitado, Cobertura por Colisión sin Franquicia, Protección contra el robo, Seguro de Responsabilidad Civil a Terceros e Impuestos Locales.";"M";"Bentley"
33;687.07;16;25;"https://images-na.ssl-images-amazon.com/images/I/71AMrezoJtL._AC_SL1500_.jpg";"https://www.youtube.com/embed/dB6IPMQY7Mc";"https://www.google.com/maps/embed?pb=!1m18!1m12!1m3!1d502970.20056732505!2d-84.45867156718745!3d9.979248000000007!2m3!1f0!2f0!3f0!3m2!1i1024!2i768!4f13.1!3m3!1m2!1s0x0%3A0xd31a71b9a3f456c9!2sVeinsa%20Motors!5e0!3m2!1ses-419!2scr!4v1624893346211!5m2!1ses-419!2scr";"Oferta especial:Paquete incluido - El precio incluye Kilometraje Ilimitado, Cobertura por Colisión sin Franquicia, Protección contra el robo, Seguro de Responsabilidad Civil a Terceros e Impuestos Locales.";"S";"Audi"
34;530.17;2;18;"https://images-na.ssl-images-amazon.com/images/I/41kX%2BqYc05L._AC_.jpg";"https://www.youtube.com/embed/4RT9hwIH-F0";"https://www.google.com/maps/embed?pb=!1m18!1m12!1m3!1d502970.20056732505!2d-84.45867156718745!3d9.979248000000007!2m3!1f0!2f0!3f0!3m2!1i1024!2i768!4f13.1!3m3!1m2!1s0x0%3A0xd31a71b9a3f456c9!2sVeinsa%20Motors!5e0!3m2!1ses-419!2scr!4v1624893346211!5m2!1ses-419!2scr";"Oferta especial:Paquete incluido - El precio incluye Kilometraje Ilimitado, Cobertura por Colisión sin Franquicia, Protección contra el robo, Seguro de Responsabilidad Civil a Terceros e Impuestos Locales.";"L";"Pontiac"
35;139.91;7;23;"https://m.media-amazon.com/images/I/71csANXWQSL._UY560_.jpg";"https://www.youtube.com/embed/yssiNZiV5_8";"https://www.google.com/maps/embed?pb=!1m18!1m12!1m3!1d502970.20056732505!2d-84.45867156718745!3d9.979248000000007!2m3!1f0!2f0!3f0!3m2!1i1024!2i768!4f13.1!3m3!1m2!1s0x0%3A0xd31a71b9a3f456c9!2sVeinsa%20Motors!5e0!3m2!1ses-419!2scr!4v1624893346211!5m2!1ses-419!2scr";"Oferta especial:Paquete incluido - El precio incluye Kilometraje Ilimitado, Cobertura por Colisión sin Franquicia, Protección contra el robo, Seguro de Responsabilidad Civil a Terceros e Impuestos Locales.";"S";"GMC"
36;386.17;3;2;"https://m.media-amazon.com/images/I/71kscZ1Vb3L._UY560_.jpg
";"https://www.youtube.com/embed/8BZRIAFb3_o";"https://www.google.com/maps/embed?pb=!1m18!1m12!1m3!1d502970.20056732505!2d-84.45867156718745!3d9.979248000000007!2m3!1f0!2f0!3f0!3m2!1i1024!2i768!4f13.1!3m3!1m2!1s0x0%3A0x89aa64f27ddbcafe!2sVeh%C3%ADculos%20en%20promoci%C3%B3n!5e0!3m2!1ses-419!2scr!4v1624893377379!5m2!1ses-419!2scr";"Oferta especial:Paquete incluido - El precio incluye Kilometraje Ilimitado, Cobertura por Colisión sin Franquicia, Protección contra el robo, Seguro de Responsabilidad Civil a Terceros e Impuestos Locales.";"S";"Acura"
37;956.81;6;30;"https://images-na.ssl-images-amazon.com/images/I/51FncKKuEvS._AC_SX679_.jpg";"https://www.youtube.com/embed/RHbbxzfgKBQ";"https://www.google.com/maps/embed?pb=!1m18!1m12!1m3!1d502970.20056732505!2d-84.45867156718745!3d9.979248000000007!2m3!1f0!2f0!3f0!3m2!1i1024!2i768!4f13.1!3m3!1m2!1s0x0%3A0x89aa64f27ddbcafe!2sVeh%C3%ADculos%20en%20promoci%C3%B3n!5e0!3m2!1ses-419!2scr!4v1624893377379!5m2!1ses-419!2scr";"Oferta especial:Paquete incluido - El precio incluye Kilometraje Ilimitado, Cobertura por Colisión sin Franquicia, Protección contra el robo, Seguro de Responsabilidad Civil a Terceros e Impuestos Locales.";"L";"Dodge"
38;807.73;2;9;"https://m.media-amazon.com/images/I/71DhbLqNt+L._UY560_.jpg";"https://www.youtube.com/embed/aKTKfHm2h0Q";"https://www.google.com/maps/embed?pb=!1m18!1m12!1m3!1d502970.20056732505!2d-84.45867156718745!3d9.979248000000007!2m3!1f0!2f0!3f0!3m2!1i1024!2i768!4f13.1!3m3!1m2!1s0x0%3A0x89aa64f27ddbcafe!2sVeh%C3%ADculos%20en%20promoci%C3%B3n!5e0!3m2!1ses-419!2scr!4v1624893377379!5m2!1ses-419!2scr";"Oferta especial:Paquete incluido - El precio incluye Kilometraje Ilimitado, Cobertura por Colisión sin Franquicia, Protección contra el robo, Seguro de Responsabilidad Civil a Terceros e Impuestos Locales.";"S";"Chevrolet"
39;821.8;8;13;"https://www.cstatic-images.com/car-pictures/xl/usc80suc171b021001.png";"https://www.youtube.com/embed/DIy4-jbeYpM";"https://www.google.com/maps/embed?pb=!1m18!1m12!1m3!1d502970.20056732505!2d-84.45867156718745!3d9.979248000000007!2m3!1f0!2f0!3f0!3m2!1i1024!2i768!4f13.1!3m3!1m2!1s0x0%3A0x89aa64f27ddbcafe!2sVeh%C3%ADculos%20en%20promoci%C3%B3n!5e0!3m2!1ses-419!2scr!4v1624893377379!5m2!1ses-419!2scr";"Oferta especial:Paquete incluido - El precio incluye Kilometraje Ilimitado, Cobertura por Colisión sin Franquicia, Protección contra el robo, Seguro de Responsabilidad Civil a Terceros e Impuestos Locales.";"M";"Subaru"
40;525.66;2;11;"https://images-na.ssl-images-amazon.com/images/I/51FncKKuEvS._AC_SX679_.jpg";"https://www.youtube.com/embed/RHbbxzfgKBQ";"https://www.google.com/maps/embed?pb=!1m18!1m12!1m3!1d502970.20056732505!2d-84.45867156718745!3d9.979248000000007!2m3!1f0!2f0!3f0!3m2!1i1024!2i768!4f13.1!3m3!1m2!1s0x0%3A0x89aa64f27ddbcafe!2sVeh%C3%ADculos%20en%20promoci%C3%B3n!5e0!3m2!1ses-419!2scr!4v1624893377379!5m2!1ses-419!2scr";"Oferta especial:Paquete incluido - El precio incluye Kilometraje Ilimitado, Cobertura por Colisión sin Franquicia, Protección contra el robo, Seguro de Responsabilidad Civil a Terceros e Impuestos Locales.";"L";"Dodge"
41;847.94;14;9;"https://stimg.cardekho.com/images/carexteriorimages/930x620/Kia/Seltos/6226/1619864569028/front-left-side-47.jpg";"https://www.youtube.com/embed/mNbEKz3iBpE";"https://www.google.com/maps/embed?pb=!1m18!1m12!1m3!1d502970.20056732505!2d-84.45867156718745!3d9.979248000000007!2m3!1f0!2f0!3f0!3m2!1i1024!2i768!4f13.1!3m3!1m2!1s0x0%3A0x89aa64f27ddbcafe!2sVeh%C3%ADculos%20en%20promoci%C3%B3n!5e0!3m2!1ses-419!2scr!4v1624893377379!5m2!1ses-419!2scr";"Oferta especial:Paquete incluido - El precio incluye Kilometraje Ilimitado, Cobertura por Colisión sin Franquicia, Protección contra el robo, Seguro de Responsabilidad Civil a Terceros e Impuestos Locales.";"S";"Kia"
42;301.54;12;7;"https://m.media-amazon.com/images/I/61n3iL9S8nL._UY560_.jpg";"https://www.youtube.com/embed/RHbbxzfgKBQ";"https://www.google.com/maps/embed?pb=!1m18!1m12!1m3!1d502970.20056732505!2d-84.45867156718745!3d9.979248000000007!2m3!1f0!2f0!3f0!3m2!1i1024!2i768!4f13.1!3m3!1m2!1s0x0%3A0x89aa64f27ddbcafe!2sVeh%C3%ADculos%20en%20promoci%C3%B3n!5e0!3m2!1ses-419!2scr!4v1624893377379!5m2!1ses-419!2scr";"Oferta especial:Paquete incluido - El precio incluye Kilometraje Ilimitado, Cobertura por Colisión sin Franquicia, Protección contra el robo, Seguro de Responsabilidad Civil a Terceros e Impuestos Locales.";"L";"Porsche"
43;715.27;16;23;"https://stimg.cardekho.com/images/carexteriorimages/930x620/Kia/Seltos/6226/1619864569028/front-left-side-47.jpg";"https://www.youtube.com/embed/mNbEKz3iBpE";"https://www.google.com/maps/embed?pb=!1m18!1m12!1m3!1d502970.20056732505!2d-84.45867156718745!3d9.979248000000007!2m3!1f0!2f0!3f0!3m2!1i1024!2i768!4f13.1!3m3!1m2!1s0x0%3A0x89aa64f27ddbcafe!2sVeh%C3%ADculos%20en%20promoci%C3%B3n!5e0!3m2!1ses-419!2scr!4v1624893377379!5m2!1ses-419!2scr";"Oferta especial:Paquete incluido - El precio incluye Kilometraje Ilimitado, Cobertura por Colisión sin Franquicia, Protección contra el robo, Seguro de Responsabilidad Civil a Terceros e Impuestos Locales.";"S";"Kia"
44;588.65;8;21;"https://m.media-amazon.com/images/I/611oiPKfgwL._UY560_.jpg";"https://www.youtube.com/embed/aKTKfHm2h0Q";"https://www.google.com/maps/embed?pb=!1m18!1m12!1m3!1d502970.20056732505!2d-84.45867156718745!3d9.979248000000007!2m3!1f0!2f0!3f0!3m2!1i1024!2i768!4f13.1!3m3!1m2!1s0x0%3A0x89aa64f27ddbcafe!2sVeh%C3%ADculos%20en%20promoci%C3%B3n!5e0!3m2!1ses-419!2scr!4v1624893377379!5m2!1ses-419!2scr";"Oferta especial:Paquete incluido - El precio incluye Kilometraje Ilimitado, Cobertura por Colisión sin Franquicia, Protección contra el robo, Seguro de Responsabilidad Civil a Terceros e Impuestos Locales.";"S";"Ford"
45;425.76;15;24;"https://img.motor16.com/articulos/19000/19246_jP8cBWRNgxJ3L-p1.jpg";"https://www.youtube.com/embed/8Ugd-y6Bo-4";"https://www.google.com/maps/embed?pb=!1m18!1m12!1m3!1d502970.20056732505!2d-84.45867156718745!3d9.979248000000007!2m3!1f0!2f0!3f0!3m2!1i1024!2i768!4f13.1!3m3!1m2!1s0x0%3A0x89aa64f27ddbcafe!2sVeh%C3%ADculos%20en%20promoci%C3%B3n!5e0!3m2!1ses-419!2scr!4v1624893377379!5m2!1ses-419!2scr";"Oferta especial:Paquete incluido - El precio incluye Kilometraje Ilimitado, Cobertura por Colisión sin Franquicia, Protección contra el robo, Seguro de Responsabilidad Civil a Terceros e Impuestos Locales.";"S";"Lexus"
46;252.7;10;17;"https://m.media-amazon.com/images/I/71L54QRjJoL._UY560_.jpg";"https://www.youtube.com/embed/95xUEujWbZc";"https://www.google.com/maps/embed?pb=!1m18!1m12!1m3!1d502970.20056732505!2d-84.45867156718745!3d9.979248000000007!2m3!1f0!2f0!3f0!3m2!1i1024!2i768!4f13.1!3m3!1m2!1s0x0%3A0x89aa64f27ddbcafe!2sVeh%C3%ADculos%20en%20promoci%C3%B3n!5e0!3m2!1ses-419!2scr!4v1624893377379!5m2!1ses-419!2scr";"Oferta especial:Paquete incluido - El precio incluye Kilometraje Ilimitado, Cobertura por Colisión sin Franquicia, Protección contra el robo, Seguro de Responsabilidad Civil a Terceros e Impuestos Locales.";"M";"Honda"
47;667.38;3;21;"https://m.media-amazon.com/images/I/71cGgyCc5uL._UY560_.jpg";"https://www.youtube.com/embed/sBy0uSWvPiM";"https://www.google.com/maps/embed?pb=!1m18!1m12!1m3!1d502970.20056732505!2d-84.45867156718745!3d9.979248000000007!2m3!1f0!2f0!3f0!3m2!1i1024!2i768!4f13.1!3m3!1m2!1s0x0%3A0x89aa64f27ddbcafe!2sVeh%C3%ADculos%20en%20promoci%C3%B3n!5e0!3m2!1ses-419!2scr!4v1624893377379!5m2!1ses-419!2scr";"Oferta especial:Paquete incluido - El precio incluye Kilometraje Ilimitado, Cobertura por Colisión sin Franquicia, Protección contra el robo, Seguro de Responsabilidad Civil a Terceros e Impuestos Locales.";"M";"Hummer"
48;566.99;9;17;"https://images-na.ssl-images-amazon.com/images/I/51FncKKuEvS._AC_SX679_.jpg";"https://www.youtube.com/embed/RHbbxzfgKBQ";"https://www.google.com/maps/embed?pb=!1m18!1m12!1m3!1d125740.43349878!2d-84.28916723349693!3d9.984727891963322!2m3!1f0!2f0!3f0!3m2!1i1024!2i768!4f13.1!3m3!1m2!1s0x0%3A0x5e5826fa33667709!2sAutos%20Cristian!5e0!3m2!1ses-419!2scr!4v1624893493717!5m2!1ses-419!2scr";"Oferta especial:Paquete incluido - El precio incluye Kilometraje Ilimitado, Cobertura por Colisión sin Franquicia, Protección contra el robo, Seguro de Responsabilidad Civil a Terceros e Impuestos Locales.";"L";"Dodge"
49;715.42;4;14;"https://upload.wikimedia.org/wikipedia/commons/thumb/e/ec/Isuzu_P%27up_--_11-20-2011.jpg/1200px-Isuzu_P%27up_--_11-20-2011.jpg";"https://www.youtube.com/embed/q0Oqo99zOvQ";"https://www.google.com/maps/embed?pb=!1m18!1m12!1m3!1d125740.43349878!2d-84.28916723349693!3d9.984727891963322!2m3!1f0!2f0!3f0!3m2!1i1024!2i768!4f13.1!3m3!1m2!1s0x0%3A0x5e5826fa33667709!2sAutos%20Cristian!5e0!3m2!1ses-419!2scr!4v1624893493717!5m2!1ses-419!2scr";"Oferta especial:Paquete incluido - El precio incluye Kilometraje Ilimitado, Cobertura por Colisión sin Franquicia, Protección contra el robo, Seguro de Responsabilidad Civil a Terceros e Impuestos Locales.";"M";"Isuzu"
50;241.2;12;28;"https://www.cstatic-images.com/car-pictures/xl/usc80suc171b021001.png";"https://www.youtube.com/embed/DIy4-jbeYpM";"https://www.google.com/maps/embed?pb=!1m18!1m12!1m3!1d125740.43349878!2d-84.28916723349693!3d9.984727891963322!2m3!1f0!2f0!3f0!3m2!1i1024!2i768!4f13.1!3m3!1m2!1s0x0%3A0x5e5826fa33667709!2sAutos%20Cristian!5e0!3m2!1ses-419!2scr!4v1624893493717!5m2!1ses-419!2scr";"Oferta especial:Paquete incluido - El precio incluye Kilometraje Ilimitado, Cobertura por Colisión sin Franquicia, Protección contra el robo, Seguro de Responsabilidad Civil a Terceros e Impuestos Locales.";"L";"Subaru"
51;885.46;7;28;"https://m.media-amazon.com/images/I/71sAf1f6gzL._UY560_.jpg
";"https://www.youtube.com/embed/3jistCLs_cE";"https://www.google.com/maps/embed?pb=!1m18!1m12!1m3!1d125740.43349878!2d-84.28916723349693!3d9.984727891963322!2m3!1f0!2f0!3f0!3m2!1i1024!2i768!4f13.1!3m3!1m2!1s0x0%3A0x5e5826fa33667709!2sAutos%20Cristian!5e0!3m2!1ses-419!2scr!4v1624893493717!5m2!1ses-419!2scr";"Se hacen todo tipos de viajes turísticos en playas de Costa Rica con chófer incluido también a fronteras al Golfito frontera con Panamá ,chiles, Alajuela peñas blancas atendemos las 24/7 será un placer para mayor información.";"L";"Volkswagen"
52;594.23;12;19;"http://st.motortrendenespanol.com/uploads/sites/45/2017/04/2018-Volvo-XC60-T6-Inscription-front-three-quarter-04-20.jpg";"https://www.youtube.com/embed/m_MhutjSAuE";"https://www.google.com/maps/embed?pb=!1m18!1m12!1m3!1d125740.43349878!2d-84.28916723349693!3d9.984727891963322!2m3!1f0!2f0!3f0!3m2!1i1024!2i768!4f13.1!3m3!1m2!1s0x0%3A0x5e5826fa33667709!2sAutos%20Cristian!5e0!3m2!1ses-419!2scr!4v1624893493717!5m2!1ses-419!2scr";"Se hacen todo tipos de viajes turísticos en playas de Costa Rica con chófer incluido también a fronteras al Golfito frontera con Panamá ,chiles, Alajuela peñas blancas atendemos las 24/7 será un placer para mayor información.";"S";"Volvo"
53;285.4;3;15;"https://m.media-amazon.com/images/I/71sAf1f6gzL._UY560_.jpg
";"https://www.youtube.com/embed/3jistCLs_cE";"https://www.google.com/maps/embed?pb=!1m18!1m12!1m3!1d125740.43349878!2d-84.28916723349693!3d9.984727891963322!2m3!1f0!2f0!3f0!3m2!1i1024!2i768!4f13.1!3m3!1m2!1s0x0%3A0x5e5826fa33667709!2sAutos%20Cristian!5e0!3m2!1ses-419!2scr!4v1624893493717!5m2!1ses-419!2scr";"Se hacen todo tipos de viajes turísticos en playas de Costa Rica con chófer incluido también a fronteras al Golfito frontera con Panamá ,chiles, Alajuela peñas blancas atendemos las 24/7 será un placer para mayor información.";"M";"Volkswagen"
54;239.98;9;8;"https://images-na.ssl-images-amazon.com/images/I/41kX%2BqYc05L._AC_.jpg";"https://www.youtube.com/embed/4RT9hwIH-F0";"https://www.google.com/maps/embed?pb=!1m18!1m12!1m3!1d125740.43349878!2d-84.28916723349693!3d9.984727891963322!2m3!1f0!2f0!3f0!3m2!1i1024!2i768!4f13.1!3m3!1m2!1s0x0%3A0x5e5826fa33667709!2sAutos%20Cristian!5e0!3m2!1ses-419!2scr!4v1624893493717!5m2!1ses-419!2scr";"Se hacen todo tipos de viajes turísticos en playas de Costa Rica con chófer incluido también a fronteras al Golfito frontera con Panamá ,chiles, Alajuela peñas blancas atendemos las 24/7 será un placer para mayor información.";"L";"Pontiac"
55;106.27;5;27;"http://cdn2.dineroenimagen.com/media/dinero/styles/xlarge/public/images/2019/01/lincoln-mexico.jpg";"https://www.youtube.com/embed/BAM7ojgeg8I";"https://www.google.com/maps/embed?pb=!1m18!1m12!1m3!1d125740.43349878!2d-84.28916723349693!3d9.984727891963322!2m3!1f0!2f0!3f0!3m2!1i1024!2i768!4f13.1!3m3!1m2!1s0x0%3A0x5e5826fa33667709!2sAutos%20Cristian!5e0!3m2!1ses-419!2scr!4v1624893493717!5m2!1ses-419!2scr";"Se hacen todo tipos de viajes turísticos en playas de Costa Rica con chófer incluido también a fronteras al Golfito frontera con Panamá ,chiles, Alajuela peñas blancas atendemos las 24/7 será un placer para mayor información.";"S";"Lincoln"
57;856.94;6;10;"http://cdn2.dineroenimagen.com/media/dinero/styles/xlarge/public/images/2019/01/lincoln-mexico.jpg";"https://www.youtube.com/embed/BAM7ojgeg8I";"https://www.google.com/maps/embed?pb=!1m18!1m12!1m3!1d125740.43349878!2d-84.28916723349693!3d9.984727891963322!2m3!1f0!2f0!3f0!3m2!1i1024!2i768!4f13.1!3m3!1m2!1s0x0%3A0x5e5826fa33667709!2sAutos%20Cristian!5e0!3m2!1ses-419!2scr!4v1624893493717!5m2!1ses-419!2scr";"Se hacen todo tipos de viajes turísticos en playas de Costa Rica con chófer incluido también a fronteras al Golfito frontera con Panamá ,chiles, Alajuela peñas blancas atendemos las 24/7 será un placer para mayor información.";"S";"Lincoln"
58;664.82;16;22;"https://cdn.autobild.es/sites/navi.axelspringer.es/public/media/image/2016/08/565517-chrysler-pt-cruiser.jpg";"https://www.youtube.com/embed/lvoeXo_tF08";"https://www.google.com/maps/embed?pb=!1m18!1m12!1m3!1d125740.43349878!2d-84.28916723349693!3d9.984727891963322!2m3!1f0!2f0!3f0!3m2!1i1024!2i768!4f13.1!3m3!1m2!1s0x0%3A0x5e5826fa33667709!2sAutos%20Cristian!5e0!3m2!1ses-419!2scr!4v1624893493717!5m2!1ses-419!2scr";"Se hacen todo tipos de viajes turísticos en playas de Costa Rica con chófer incluido también a fronteras al Golfito frontera con Panamá ,chiles, Alajuela peñas blancas atendemos las 24/7 será un placer para mayor información.";"M";"Chrysler"
59;311.09;9;8;"https://m.media-amazon.com/images/I/61JIE0DlsBL._UY560_.jpg";"https://www.youtube.com/embed/JuvUQmLF8AU";"https://www.google.com/maps/embed?pb=!1m18!1m12!1m3!1d125740.43349878!2d-84.28916723349693!3d9.984727891963322!2m3!1f0!2f0!3f0!3m2!1i1024!2i768!4f13.1!3m3!1m2!1s0x0%3A0x5e5826fa33667709!2sAutos%20Cristian!5e0!3m2!1ses-419!2scr!4v1624893493717!5m2!1ses-419!2scr";"Se hacen todo tipos de viajes turísticos en playas de Costa Rica con chófer incluido también a fronteras al Golfito frontera con Panamá ,chiles, Alajuela peñas blancas atendemos las 24/7 será un placer para mayor información.";"M";"Mercedes-Benz"
60;664.03;10;1;"https://m.media-amazon.com/images/I/611oiPKfgwL._UY560_.jpg";"https://www.youtube.com/embed/aKTKfHm2h0Q";"https://www.google.com/maps/embed?pb=!1m18!1m12!1m3!1d105723.12587942321!2d-84.37604731305484!3d10.020227943165725!2m3!1f0!2f0!3f0!3m2!1i1024!2i768!4f13.1!3m3!1m2!1s0x0%3A0x35ef3082029f089b!2sAutomotores%20Okala!5e0!3m2!1ses-419!2scr!4v1624893517445!5m2!1ses-419!2scr";"Se hacen todo tipos de viajes turísticos en playas de Costa Rica con chófer incluido también a fronteras al Golfito frontera con Panamá ,chiles, Alajuela peñas blancas atendemos las 24/7 será un placer para mayor información.";"S";"Ford"
61;965.44;9;27;"https://images-na.ssl-images-amazon.com/images/I/51FncKKuEvS._AC_SX679_.jpg";"https://www.youtube.com/embed/RHbbxzfgKBQ";"https://www.google.com/maps/embed?pb=!1m18!1m12!1m3!1d105723.12587942321!2d-84.37604731305484!3d10.020227943165725!2m3!1f0!2f0!3f0!3m2!1i1024!2i768!4f13.1!3m3!1m2!1s0x0%3A0x35ef3082029f089b!2sAutomotores%20Okala!5e0!3m2!1ses-419!2scr!4v1624893517445!5m2!1ses-419!2scr";"Se hacen todo tipos de viajes turísticos en playas de Costa Rica con chófer incluido también a fronteras al Golfito frontera con Panamá ,chiles, Alajuela peñas blancas atendemos las 24/7 será un placer para mayor información.";"M";"Dodge"
62;475.51;15;19;"https://m.media-amazon.com/images/I/61CpMCcEyiL._UY560_.jpg";"https://www.youtube.com/embed/z7rlzFUymfc";"https://www.google.com/maps/embed?pb=!1m18!1m12!1m3!1d105723.12587942321!2d-84.37604731305484!3d10.020227943165725!2m3!1f0!2f0!3f0!3m2!1i1024!2i768!4f13.1!3m3!1m2!1s0x0%3A0x35ef3082029f089b!2sAutomotores%20Okala!5e0!3m2!1ses-419!2scr!4v1624893517445!5m2!1ses-419!2scr";"Se hacen todo tipos de viajes turísticos en playas de Costa Rica con chófer incluido también a fronteras al Golfito frontera con Panamá ,chiles, Alajuela peñas blancas atendemos las 24/7 será un placer para mayor información.";"M";"Maserati"
63;871.71;8;3;"https://m.media-amazon.com/images/I/61n3iL9S8nL._UY560_.jpg";"https://www.youtube.com/embed/RHbbxzfgKBQ";"https://www.google.com/maps/embed?pb=!1m18!1m12!1m3!1d105723.12587942321!2d-84.37604731305484!3d10.020227943165725!2m3!1f0!2f0!3f0!3m2!1i1024!2i768!4f13.1!3m3!1m2!1s0x0%3A0x35ef3082029f089b!2sAutomotores%20Okala!5e0!3m2!1ses-419!2scr!4v1624893517445!5m2!1ses-419!2scr";"Se hacen todo tipos de viajes turísticos en playas de Costa Rica con chófer incluido también a fronteras al Golfito frontera con Panamá ,chiles, Alajuela peñas blancas atendemos las 24/7 será un placer para mayor información.";"M";"Porsche"
64;508.84;16;26;"https://m.media-amazon.com/images/I/71uBSo3ezfL._UY560_.jpg";"https://www.youtube.com/embed/aKTKfHm2h0Q";"https://www.google.com/maps/embed?pb=!1m18!1m12!1m3!1d105723.12587942321!2d-84.37604731305484!3d10.020227943165725!2m3!1f0!2f0!3f0!3m2!1i1024!2i768!4f13.1!3m3!1m2!1s0x0%3A0x35ef3082029f089b!2sAutomotores%20Okala!5e0!3m2!1ses-419!2scr!4v1624893517445!5m2!1ses-419!2scr";"Se hacen todo tipos de viajes turísticos en playas de Costa Rica con chófer incluido también a fronteras al Golfito frontera con Panamá ,chiles, Alajuela peñas blancas atendemos las 24/7 será un placer para mayor información.";"M";"Toyota"
65;731.78;4;30;"https://m.media-amazon.com/images/I/71DhbLqNt+L._UY560_.jpg";"https://www.youtube.com/embed/aKTKfHm2h0Q";"https://www.google.com/maps/embed?pb=!1m18!1m12!1m3!1d105723.12587942321!2d-84.37604731305484!3d10.020227943165725!2m3!1f0!2f0!3f0!3m2!1i1024!2i768!4f13.1!3m3!1m2!1s0x0%3A0x35ef3082029f089b!2sAutomotores%20Okala!5e0!3m2!1ses-419!2scr!4v1624893517445!5m2!1ses-419!2scr";"Se hacen todo tipos de viajes turísticos en playas de Costa Rica con chófer incluido también a fronteras al Golfito frontera con Panamá ,chiles, Alajuela peñas blancas atendemos las 24/7 será un placer para mayor información.";"L";"Chevrolet"
66;306.31;10;9;"https://m.media-amazon.com/images/I/71L54QRjJoL._UY560_.jpg";"https://www.youtube.com/embed/95xUEujWbZc";"https://www.google.com/maps/embed?pb=!1m18!1m12!1m3!1d105723.12587942321!2d-84.37604731305484!3d10.020227943165725!2m3!1f0!2f0!3f0!3m2!1i1024!2i768!4f13.1!3m3!1m2!1s0x0%3A0x35ef3082029f089b!2sAutomotores%20Okala!5e0!3m2!1ses-419!2scr!4v1624893517445!5m2!1ses-419!2scr";"Se hacen todo tipos de viajes turísticos en playas de Costa Rica con chófer incluido también a fronteras al Golfito frontera con Panamá ,chiles, Alajuela peñas blancas atendemos las 24/7 será un placer para mayor información.";"M";"Honda"
67;945.04;14;4;"https://m.media-amazon.com/images/I/71DhbLqNt+L._UY560_.jpg";"https://www.youtube.com/embed/aKTKfHm2h0Q";"https://www.google.com/maps/embed?pb=!1m18!1m12!1m3!1d105723.12587942321!2d-84.37604731305484!3d10.020227943165725!2m3!1f0!2f0!3f0!3m2!1i1024!2i768!4f13.1!3m3!1m2!1s0x0%3A0x35ef3082029f089b!2sAutomotores%20Okala!5e0!3m2!1ses-419!2scr!4v1624893517445!5m2!1ses-419!2scr";"Se hacen todo tipos de viajes turísticos en playas de Costa Rica con chófer incluido también a fronteras al Golfito frontera con Panamá ,chiles, Alajuela peñas blancas atendemos las 24/7 será un placer para mayor información.";"S";"Chevrolet"
68;803.93;6;23;"https://img.motor16.com/articulos/10000/10921_q7LqJv2ExPg0W-p1.jpg";"https://www.youtube.com/embed/VIGRpkdsswo";"https://www.google.com/maps/embed?pb=!1m18!1m12!1m3!1d105723.12587942321!2d-84.37604731305484!3d10.020227943165725!2m3!1f0!2f0!3f0!3m2!1i1024!2i768!4f13.1!3m3!1m2!1s0x0%3A0x35ef3082029f089b!2sAutomotores%20Okala!5e0!3m2!1ses-419!2scr!4v1624893517445!5m2!1ses-419!2scr";"Se hacen todo tipos de viajes turísticos en playas de Costa Rica con chófer incluido también a fronteras al Golfito frontera con Panamá ,chiles, Alajuela peñas blancas atendemos las 24/7 será un placer para mayor información.";"S";"Cadillac"
69;460.28;5;20;"https://static.cargurus.com/images/forsale/2021/04/06/02/26/2018_land_rover_range_rover_velar-pic-4409735740520494809-1024x768.jpeg";"https://www.youtube.com/embed/1oUxXwIOLoc";"https://www.google.com/maps/embed?pb=!1m18!1m12!1m3!1d105723.12587942321!2d-84.37604731305484!3d10.020227943165725!2m3!1f0!2f0!3f0!3m2!1i1024!2i768!4f13.1!3m3!1m2!1s0x0%3A0x35ef3082029f089b!2sAutomotores%20Okala!5e0!3m2!1ses-419!2scr!4v1624893517445!5m2!1ses-419!2scr";"Se hacen todo tipos de viajes turísticos en playas de Costa Rica con chófer incluido también a fronteras al Golfito frontera con Panamá ,chiles, Alajuela peñas blancas atendemos las 24/7 será un placer para mayor información.";"L";"Land Rover"
71;440.21;9;6;"https://phantom-marca.unidadeditorial.es/b37196ed1ecdd5b3d8997f760fffb463/resize/1320/f/jpg/assets/multimedia/imagenes/2020/09/09/15996481175059.jpg";"https://www.youtube.com/embed/6YredBpvxSI";"https://www.google.com/maps/embed?pb=!1m18!1m12!1m3!1d105723.12587942321!2d-84.37604731305484!3d10.020227943165725!2m3!1f0!2f0!3f0!3m2!1i1024!2i768!4f13.1!3m3!1m2!1s0x0%3A0x35ef3082029f089b!2sAutomotores%20Okala!5e0!3m2!1ses-419!2scr!4v1624893517445!5m2!1ses-419!2scr";"Tiene seguro contra todo riesgo. Depósito de Garantía que se devuelve cuando se devuelve el vehículo si no tiene daños ni infracciones de transito.";"L";"Suzuki"
72;754.63;11;18;"https://www.cstatic-images.com/car-pictures/xl/usc80suc171b021001.png";"https://www.youtube.com/embed/DIy4-jbeYpM";"https://www.google.com/maps/embed?pb=!1m18!1m12!1m3!1d62870.92673755909!2d-84.24826948282735!3d9.981051966772023!2m3!1f0!2f0!3f0!3m2!1i1024!2i768!4f13.1!3m3!1m2!1s0x0%3A0xaa6deea4cabe485f!2sAdobe%20Rent%20a%20Car!5e0!3m2!1ses-419!2scr!4v1624894405904!5m2!1ses-419!2scr";"Tiene seguro contra todo riesgo. Depósito de Garantía que se devuelve cuando se devuelve el vehículo si no tiene daños ni infracciones de transito.";"M";"Subaru"
73;675.22;11;4;"https://img.motor16.com/articulos/10000/10921_q7LqJv2ExPg0W-p1.jpg";"https://www.youtube.com/embed/VIGRpkdsswo";"https://www.google.com/maps/embed?pb=!1m18!1m12!1m3!1d62870.92673755909!2d-84.24826948282735!3d9.981051966772023!2m3!1f0!2f0!3f0!3m2!1i1024!2i768!4f13.1!3m3!1m2!1s0x0%3A0xaa6deea4cabe485f!2sAdobe%20Rent%20a%20Car!5e0!3m2!1ses-419!2scr!4v1624894405904!5m2!1ses-419!2scr";"Tiene seguro contra todo riesgo. Depósito de Garantía que se devuelve cuando se devuelve el vehículo si no tiene daños ni infracciones de transito.";"L";"Cadillac"
74;251.62;10;12;"https://m.media-amazon.com/images/I/611oiPKfgwL._UY560_.jpg";"https://www.youtube.com/embed/aKTKfHm2h0Q";"https://www.google.com/maps/embed?pb=!1m18!1m12!1m3!1d62870.92673755909!2d-84.24826948282735!3d9.981051966772023!2m3!1f0!2f0!3f0!3m2!1i1024!2i768!4f13.1!3m3!1m2!1s0x0%3A0xaa6deea4cabe485f!2sAdobe%20Rent%20a%20Car!5e0!3m2!1ses-419!2scr!4v1624894405904!5m2!1ses-419!2scr";"Tiene seguro contra todo riesgo. Depósito de Garantía que se devuelve cuando se devuelve el vehículo si no tiene daños ni infracciones de transito.";"S";"Ford"
75;982.72;16;15;"https://www.mitsubishi.cr/wp-content/uploads/2021/06/Foto_header_806x494px_02.webp";"https://www.youtube.com/embed/uw5f_0zrJ24";"https://www.google.com/maps/embed?pb=!1m18!1m12!1m3!1d62870.92673755909!2d-84.24826948282735!3d9.981051966772023!2m3!1f0!2f0!3f0!3m2!1i1024!2i768!4f13.1!3m3!1m2!1s0x0%3A0xaa6deea4cabe485f!2sAdobe%20Rent%20a%20Car!5e0!3m2!1ses-419!2scr!4v1624894405904!5m2!1ses-419!2scr";"Tiene seguro contra todo riesgo. Depósito de Garantía que se devuelve cuando se devuelve el vehículo si no tiene daños ni infracciones de transito.";"L";"Mitsubishi"
77;115.41;6;17;"https://m.media-amazon.com/images/I/B1RAEqNeIzS._UY560_.png";"https://www.youtube.com/embed/YYosvhjOAcw";"https://www.google.com/maps/embed?pb=!1m18!1m12!1m3!1d62870.92673755909!2d-84.24826948282735!3d9.981051966772023!2m3!1f0!2f0!3f0!3m2!1i1024!2i768!4f13.1!3m3!1m2!1s0x0%3A0xaa6deea4cabe485f!2sAdobe%20Rent%20a%20Car!5e0!3m2!1ses-419!2scr!4v1624894405904!5m2!1ses-419!2scr";"Tiene seguro contra todo riesgo. Depósito de Garantía que se devuelve cuando se devuelve el vehículo si no tiene daños ni infracciones de transito.";"S";"Mercury"
78;595.55;13;2;"https://acroadtrip.blob.core.windows.net/catalogo-imagenes/m/RT_V_cf702473c1f04323b04e81796b960c90.jpg";"https://www.youtube.com/embed/4qteiW0urcE";"https://www.google.com/maps/embed?pb=!1m18!1m12!1m3!1d62870.92673755909!2d-84.24826948282735!3d9.981051966772023!2m3!1f0!2f0!3f0!3m2!1i1024!2i768!4f13.1!3m3!1m2!1s0x0%3A0xaa6deea4cabe485f!2sAdobe%20Rent%20a%20Car!5e0!3m2!1ses-419!2scr!4v1624894405904!5m2!1ses-419!2scr";"Tiene seguro contra todo riesgo. Depósito de Garantía que se devuelve cuando se devuelve el vehículo si no tiene daños ni infracciones de transito.";"S";"Mazda"
79;955.16;3;19;"http://cdn2.dineroenimagen.com/media/dinero/styles/xlarge/public/images/2019/01/lincoln-mexico.jpg";"https://www.youtube.com/embed/BAM7ojgeg8I";"https://www.google.com/maps/embed?pb=!1m18!1m12!1m3!1d62870.92673755909!2d-84.24826948282735!3d9.981051966772023!2m3!1f0!2f0!3f0!3m2!1i1024!2i768!4f13.1!3m3!1m2!1s0x0%3A0xaa6deea4cabe485f!2sAdobe%20Rent%20a%20Car!5e0!3m2!1ses-419!2scr!4v1624894405904!5m2!1ses-419!2scr";"Tiene seguro contra todo riesgo. Depósito de Garantía que se devuelve cuando se devuelve el vehículo si no tiene daños ni infracciones de transito.";"M";"Lincoln"
80;112.03;3;2;"http://st.motortrendenespanol.com/uploads/sites/45/2017/04/2018-Volvo-XC60-T6-Inscription-front-three-quarter-04-20.jpg";"https://www.youtube.com/embed/m_MhutjSAuE";"https://www.google.com/maps/embed?pb=!1m18!1m12!1m3!1d62870.92673755909!2d-84.24826948282735!3d9.981051966772023!2m3!1f0!2f0!3f0!3m2!1i1024!2i768!4f13.1!3m3!1m2!1s0x0%3A0xaa6deea4cabe485f!2sAdobe%20Rent%20a%20Car!5e0!3m2!1ses-419!2scr!4v1624894405904!5m2!1ses-419!2scr";"Tiene seguro contra todo riesgo. Depósito de Garantía que se devuelve cuando se devuelve el vehículo si no tiene daños ni infracciones de transito.";"S";"Volvo"
81;447.72;15;13;"https://m.media-amazon.com/images/I/71tznTF3hlL._UY560_.jpg";"https://www.youtube.com/embed/TZuNSNY9TcI";"https://www.google.com/maps/embed?pb=!1m18!1m12!1m3!1d62870.92673755909!2d-84.24826948282735!3d9.981051966772023!2m3!1f0!2f0!3f0!3m2!1i1024!2i768!4f13.1!3m3!1m2!1s0x0%3A0xaa6deea4cabe485f!2sAdobe%20Rent%20a%20Car!5e0!3m2!1ses-419!2scr!4v1624894405904!5m2!1ses-419!2scr";"Tiene seguro contra todo riesgo. Depósito de Garantía que se devuelve cuando se devuelve el vehículo si no tiene daños ni infracciones de transito.";"S";"BMW"
82;675.16;9;26;"https://m.media-amazon.com/images/I/61n3iL9S8nL._UY560_.jpg";"https://www.youtube.com/embed/RHbbxzfgKBQ";"https://www.google.com/maps/embed?pb=!1m18!1m12!1m3!1d62870.92673755909!2d-84.24826948282735!3d9.981051966772023!2m3!1f0!2f0!3f0!3m2!1i1024!2i768!4f13.1!3m3!1m2!1s0x0%3A0xaa6deea4cabe485f!2sAdobe%20Rent%20a%20Car!5e0!3m2!1ses-419!2scr!4v1624894405904!5m2!1ses-419!2scr";"Tiene seguro contra todo riesgo. Depósito de Garantía que se devuelve cuando se devuelve el vehículo si no tiene daños ni infracciones de transito.";"L";"Porsche"
83;316.25;2;14;"http://st.motortrendenespanol.com/uploads/sites/45/2017/04/2018-Volvo-XC60-T6-Inscription-front-three-quarter-04-20.jpg";"https://www.youtube.com/embed/m_MhutjSAuE";"https://www.google.com/maps/embed?pb=!1m18!1m12!1m3!1d62870.92673755909!2d-84.24826948282735!3d9.981051966772023!2m3!1f0!2f0!3f0!3m2!1i1024!2i768!4f13.1!3m3!1m2!1s0x0%3A0xaa6deea4cabe485f!2sAdobe%20Rent%20a%20Car!5e0!3m2!1ses-419!2scr!4v1624894405904!5m2!1ses-419!2scr";"Tiene seguro contra todo riesgo. Depósito de Garantía que se devuelve cuando se devuelve el vehículo si no tiene daños ni infracciones de transito.";"S";"Volvo"
84;901.9;11;23;"https://img.motor16.com/articulos/19000/19246_jP8cBWRNgxJ3L-p1.jpg";"https://www.youtube.com/embed/8Ugd-y6Bo-4";"https://www.google.com/maps/embed?pb=!1m18!1m12!1m3!1d105738.49923126656!2d-84.29071370963231!3d9.972964895916357!2m3!1f0!2f0!3f0!3m2!1i1024!2i768!4f13.1!3m3!1m2!1s0x0%3A0x26ee35a07f3ff2e7!2sDiekcant%20Car%20Rental!5e0!3m2!1ses-419!2scr!4v1624894684992!5m2!1ses-419!2scr";"Tiene seguro contra todo riesgo. Depósito de Garantía que se devuelve cuando se devuelve el vehículo si no tiene daños ni infracciones de transito.";"M";"Lexus"
86;125.55;5;3;"https://m.media-amazon.com/images/I/B1RAEqNeIzS._UY560_.png";"https://www.youtube.com/embed/YYosvhjOAcw";"https://www.google.com/maps/embed?pb=!1m18!1m12!1m3!1d105738.49923126656!2d-84.29071370963231!3d9.972964895916357!2m3!1f0!2f0!3f0!3m2!1i1024!2i768!4f13.1!3m3!1m2!1s0x0%3A0x26ee35a07f3ff2e7!2sDiekcant%20Car%20Rental!5e0!3m2!1ses-419!2scr!4v1624894684992!5m2!1ses-419!2scr";"Tiene seguro contra todo riesgo. Depósito de Garantía que se devuelve cuando se devuelve el vehículo si no tiene daños ni infracciones de transito.";"S";"Mercury"
87;387.03;11;19;"https://m.media-amazon.com/images/I/71L54QRjJoL._UY560_.jpg";"https://www.youtube.com/embed/95xUEujWbZc";"https://www.google.com/maps/embed?pb=!1m18!1m12!1m3!1d105738.49923126656!2d-84.29071370963231!3d9.972964895916357!2m3!1f0!2f0!3f0!3m2!1i1024!2i768!4f13.1!3m3!1m2!1s0x0%3A0x26ee35a07f3ff2e7!2sDiekcant%20Car%20Rental!5e0!3m2!1ses-419!2scr!4v1624894684992!5m2!1ses-419!2scr";"Tiene seguro contra todo riesgo. Depósito de Garantía que se devuelve cuando se devuelve el vehículo si no tiene daños ni infracciones de transito.";"S";"Honda"
88;554.35;9;24;"https://m.media-amazon.com/images/I/611oiPKfgwL._UY560_.jpg";"https://www.youtube.com/embed/aKTKfHm2h0Q";"https://www.google.com/maps/embed?pb=!1m18!1m12!1m3!1d105738.49923126656!2d-84.29071370963231!3d9.972964895916357!2m3!1f0!2f0!3f0!3m2!1i1024!2i768!4f13.1!3m3!1m2!1s0x0%3A0x26ee35a07f3ff2e7!2sDiekcant%20Car%20Rental!5e0!3m2!1ses-419!2scr!4v1624894684992!5m2!1ses-419!2scr";"Tiene seguro contra todo riesgo. Depósito de Garantía que se devuelve cuando se devuelve el vehículo si no tiene daños ni infracciones de transito.";"S";"Ford"
89;619.82;11;1;"https://m.media-amazon.com/images/I/71tznTF3hlL._UY560_.jpg";"https://www.youtube.com/embed/TZuNSNY9TcI";"https://www.google.com/maps/embed?pb=!1m18!1m12!1m3!1d105738.49923126656!2d-84.29071370963231!3d9.972964895916357!2m3!1f0!2f0!3f0!3m2!1i1024!2i768!4f13.1!3m3!1m2!1s0x0%3A0x26ee35a07f3ff2e7!2sDiekcant%20Car%20Rental!5e0!3m2!1ses-419!2scr!4v1624894684992!5m2!1ses-419!2scr";"Tiene seguro contra todo riesgo. Depósito de Garantía que se devuelve cuando se devuelve el vehículo si no tiene daños ni infracciones de transito.";"L";"BMW"
90;401.5;16;16;"https://images-na.ssl-images-amazon.com/images/I/71AMrezoJtL._AC_SL1500_.jpg";"https://www.youtube.com/embed/dB6IPMQY7Mc";"https://www.google.com/maps/embed?pb=!1m18!1m12!1m3!1d105738.49923126656!2d-84.29071370963231!3d9.972964895916357!2m3!1f0!2f0!3f0!3m2!1i1024!2i768!4f13.1!3m3!1m2!1s0x0%3A0x26ee35a07f3ff2e7!2sDiekcant%20Car%20Rental!5e0!3m2!1ses-419!2scr!4v1624894684992!5m2!1ses-419!2scr";"Tiene seguro contra todo riesgo. Depósito de Garantía que se devuelve cuando se devuelve el vehículo si no tiene daños ni infracciones de transito.";"S";"Audi"
91;473.58;9;9;"https://i.blogs.es/ce0c68/p90413589-lowres/1366_2000.jpeg";"https://www.youtube.com/embed/8GaBm26mUMM";"https://www.google.com/maps/embed?pb=!1m18!1m12!1m3!1d105738.49923126656!2d-84.29071370963231!3d9.972964895916357!2m3!1f0!2f0!3f0!3m2!1i1024!2i768!4f13.1!3m3!1m2!1s0x0%3A0x26ee35a07f3ff2e7!2sDiekcant%20Car%20Rental!5e0!3m2!1ses-419!2scr!4v1624894684992!5m2!1ses-419!2scr";"";"L";"Rolls-Royce"
92;586.46;8;9;"https://www.mitsubishi.cr/wp-content/uploads/2021/06/Foto_header_806x494px_02.webp";"https://www.youtube.com/embed/uw5f_0zrJ24";"https://www.google.com/maps/embed?pb=!1m18!1m12!1m3!1d105738.49923126656!2d-84.29071370963231!3d9.972964895916357!2m3!1f0!2f0!3f0!3m2!1i1024!2i768!4f13.1!3m3!1m2!1s0x0%3A0x26ee35a07f3ff2e7!2sDiekcant%20Car%20Rental!5e0!3m2!1ses-419!2scr!4v1624894684992!5m2!1ses-419!2scr";"Cubre golpes y arañazos y disfruta de un alquiler sin agobios. Reserva todo de una vez, rápida y fácilmente.";"S";"Mitsubishi"
93;993.05;16;10;"https://m.media-amazon.com/images/I/71csANXWQSL._UY560_.jpg";"https://www.youtube.com/embed/yssiNZiV5_8";"https://www.google.com/maps/embed?pb=!1m18!1m12!1m3!1d105738.49923126656!2d-84.29071370963231!3d9.972964895916357!2m3!1f0!2f0!3f0!3m2!1i1024!2i768!4f13.1!3m3!1m2!1s0x0%3A0x26ee35a07f3ff2e7!2sDiekcant%20Car%20Rental!5e0!3m2!1ses-419!2scr!4v1624894684992!5m2!1ses-419!2scr";"Cubre golpes y arañazos y disfruta de un alquiler sin agobios. Reserva todo de una vez, rápida y fácilmente.";"L";"GMC"
94;922.36;6;12;"http://cdn2.dineroenimagen.com/media/dinero/styles/xlarge/public/images/2019/01/lincoln-mexico.jpg";"https://www.youtube.com/embed/BAM7ojgeg8I";"https://www.google.com/maps/embed?pb=!1m18!1m12!1m3!1d105738.49923126656!2d-84.29071370963231!3d9.972964895916357!2m3!1f0!2f0!3f0!3m2!1i1024!2i768!4f13.1!3m3!1m2!1s0x0%3A0x26ee35a07f3ff2e7!2sDiekcant%20Car%20Rental!5e0!3m2!1ses-419!2scr!4v1624894684992!5m2!1ses-419!2scr";"Cubre golpes y arañazos y disfruta de un alquiler sin agobios. Reserva todo de una vez, rápida y fácilmente.";"S";"Lincoln"
95;559.85;13;11;"https://m.media-amazon.com/images/I/71csANXWQSL._UY560_.jpg";"https://www.youtube.com/embed/yssiNZiV5_8";"https://www.google.com/maps/embed?pb=!1m18!1m12!1m3!1d105738.49923126656!2d-84.29071370963231!3d9.972964895916357!2m3!1f0!2f0!3f0!3m2!1i1024!2i768!4f13.1!3m3!1m2!1s0x0%3A0x26ee35a07f3ff2e7!2sDiekcant%20Car%20Rental!5e0!3m2!1ses-419!2scr!4v1624894684992!5m2!1ses-419!2scr";"Cubre golpes y arañazos y disfruta de un alquiler sin agobios. Reserva todo de una vez, rápida y fácilmente.";"S";"GMC"
96;391.88;13;3;"https://m.media-amazon.com/images/I/71kscZ1Vb3L._UY560_.jpg
";"https://www.youtube.com/embed/8BZRIAFb3_o";"https://www.google.com/maps/embed?pb=!1m18!1m12!1m3!1d105738.49923126656!2d-84.29071370963231!3d9.972964895916357!2m3!1f0!2f0!3f0!3m2!1i1024!2i768!4f13.1!3m3!1m2!1s0x0%3A0x26ee35a07f3ff2e7!2sDiekcant%20Car%20Rental!5e0!3m2!1ses-419!2scr!4v1624894684992!5m2!1ses-419!2scr";"Cubre golpes y arañazos y disfruta de un alquiler sin agobios. Reserva todo de una vez, rápida y fácilmente.";"S";"Acura"
97;351.29;16;12;"https://m.media-amazon.com/images/I/71csANXWQSL._UY560_.jpg";"https://www.youtube.com/embed/yssiNZiV5_8";"https://www.google.com/maps/embed?pb=!1m18!1m12!1m3!1d105738.49923126656!2d-84.29071370963231!3d9.972964895916357!2m3!1f0!2f0!3f0!3m2!1i1024!2i768!4f13.1!3m3!1m2!1s0x0%3A0x26ee35a07f3ff2e7!2sDiekcant%20Car%20Rental!5e0!3m2!1ses-419!2scr!4v1624894684992!5m2!1ses-419!2scr";"Cubre golpes y arañazos y disfruta de un alquiler sin agobios. Reserva todo de una vez, rápida y fácilmente.";"L";"GMC"
98;919.12;10;22;"https://m.media-amazon.com/images/I/41nUi377diL.jpg";"https://www.youtube.com/embed/tBXH5y3YNOo";"https://www.google.com/maps/embed?pb=!1m18!1m12!1m3!1d105738.49923126656!2d-84.29071370963231!3d9.972964895916357!2m3!1f0!2f0!3f0!3m2!1i1024!2i768!4f13.1!3m3!1m2!1s0x0%3A0x26ee35a07f3ff2e7!2sDiekcant%20Car%20Rental!5e0!3m2!1ses-419!2scr!4v1624894684992!5m2!1ses-419!2scr";"Cubre golpes y arañazos y disfruta de un alquiler sin agobios. Reserva todo de una vez, rápida y fácilmente.";"L";"Oldsmobile"
99;797.49;8;25;"https://stimg.cardekho.com/images/carexteriorimages/930x620/Kia/Seltos/6226/1619864569028/front-left-side-47.jpg";"https://www.youtube.com/embed/mNbEKz3iBpE";"https://www.google.com/maps/embed?pb=!1m18!1m12!1m3!1d105738.49923126656!2d-84.29071370963231!3d9.972964895916357!2m3!1f0!2f0!3f0!3m2!1i1024!2i768!4f13.1!3m3!1m2!1s0x0%3A0x26ee35a07f3ff2e7!2sDiekcant%20Car%20Rental!5e0!3m2!1ses-419!2scr!4v1624894684992!5m2!1ses-419!2scr";"Cubre golpes y arañazos y disfruta de un alquiler sin agobios. Reserva todo de una vez, rápida y fácilmente.";"M";"Kia"
100;727.08;7;17;"https://img.motor16.com/articulos/10000/10921_q7LqJv2ExPg0W-p1.jpg";"https://www.youtube.com/embed/VIGRpkdsswo";"https://www.google.com/maps/embed?pb=!1m18!1m12!1m3!1d105738.49923126656!2d-84.29071370963231!3d9.972964895916357!2m3!1f0!2f0!3f0!3m2!1i1024!2i768!4f13.1!3m3!1m2!1s0x0%3A0x26ee35a07f3ff2e7!2sDiekcant%20Car%20Rental!5e0!3m2!1ses-419!2scr!4v1624894684992!5m2!1ses-419!2scr";"Cubre golpes y arañazos y disfruta de un alquiler sin agobios. Reserva todo de una vez, rápida y fácilmente.";"S";"Cadillac"
